{"cameraMode":{"drawMode":0,"name":"Shaded","section":"Shading Mode"},"sceneLighting":true,"audioPlay":false,"sceneViewState":{"m_AlwaysRefresh":false,"showFog":true,"showSkybox":true,"showFlares":true,"showImageEffects":true,"showParticleSystems":true,"showVisualEffectGraphs":true,"m_FxEnabled":true},"in2DMode":false,"pivot":{"x":0.5578389167785645,"y":6.034231185913086,"z":0.20146942138671876},"rotation":{"x":-0.023986903950572015,"y":-0.029986876994371415,"z":-0.0007198264938779175,"w":0.9992624521255493},"size":13.13245677947998,"orthographic":true}